x1,x2,id,target,split
-0.28246372659328767,0.6105721920947806,0,1,train
-0.572831679329463,0.7520505193094691,1,0,train
-0.7170385633893799,0.6588064472628056,2,0,test
-0.1901887056944348,1.1053634643230004,3,0,train
-0.29875679108730696,0.8323400400312054,4,0,train
0.5195910198655511,1.5431469470000243,5,0,test
-1.0876207942700704,0.09409064098039321,6,0,train
-0.4999557492456662,0.6551631187839921,7,0,train
-0.6937986186890712,-1.3801355669280135,8,0,train
0.13901432806969138,0.9054090599958045,9,0,test
0.8466608507889557,-0.004542410241642703,10,1,train
-1.6518200316254774,0.11998213633129795,11,0,train
-0.9227523251750227,0.9132510538658067,12,0,train
-0.26341614113706435,-2.0120412702654864,13,0,train
-0.6102878260896957,0.9365289254727344,14,0,test
-0.40136350098183005,0.643383877358644,15,0,test
-0.9863251999234321,-0.21280659319764544,16,0,test
-1.297751377150347,-0.762564672643741,17,0,train
-0.25020781291905253,0.20951271710301334,18,0,train
-0.7463119236383495,-0.9164563125219161,19,0,train
-0.918056702458327,-0.6972825134703822,20,0,train
-1.0149028236049986,0.07534815794371685,21,0,train
-0.20800210236830935,-0.2175556510114009,22,0,test
0.1902114074229444,0.8653048283236533,23,0,test
-0.6259222319147836,0.1938175132228862,24,1,train
-0.8961498163895629,-2.0201663371821375,25,0,train
-0.45821328785178406,-0.20588053603249246,26,0,train
-1.0919802603631528,-1.085994616094852,27,0,train
-0.6243003060771094,1.366460061934813,28,0,train
0.205509597856824,-0.9970899049116848,29,0,train
-1.7589818291735007,-0.0780210495983168,30,0,test
-0.620860824048709,-0.030256949244981235,31,0,test
1.0773974757901212,-0.37214111738601025,32,1,train
-0.7821720432339587,-1.741528125523585,33,0,train
-2.580540286237114,-0.43274667776280107,34,0,train
-0.2532523017126717,1.2285260643926792,35,1,train
-0.8810735658825714,2.08667654027217,36,0,train
-0.7290583177064843,-2.553313203878088,37,0,test
-1.1026720757296118,-0.6242366976563124,38,0,train
-0.6899447055127851,-0.25210183230011257,39,0,test
1.7172981577959279,0.3706427181804089,40,1,train
-0.6968533669339972,0.7739806985886675,41,0,test
-1.3375751295726022,0.22800426530656503,42,0,train
-0.9361909914994222,0.3714596305734461,43,0,train
-1.252021481757677,0.42609273735072506,44,0,train
-0.7655289809373673,0.06349845055263181,45,0,train
-0.5634188097538857,-0.3454121374739005,46,0,test
-0.6922894204213526,1.090994142444937,47,0,test
-0.8544299175391642,-1.5482239333910093,48,0,train
-0.3555771161276718,-0.8738521847698405,49,0,test
1.0563047360693334,-0.3399908399610694,50,1,train
-1.0864524539723845,0.9506548434381676,51,0,train
-0.10684506350742351,-1.9759989883209979,52,0,train
-0.9343676103273381,-0.07987475306008307,53,0,train
-1.7015011020539617,-0.41370050097372335,54,0,test
-1.2288228088404383,-1.1458523964890175,55,0,train
-1.2377175120012294,-0.76966596896843,56,0,test
0.899516656366286,1.6445522207059486,57,0,train
-1.1345784845548486,0.6971193747097257,58,0,test
-0.4251987516350518,0.9403507747137287,59,0,test
-0.9088017354636353,-1.5877250873136566,60,0,test
-0.24533257586273793,1.3092030644560038,61,0,train
-1.2016354380805843,0.1815759092143039,62,0,train
-1.164904035505332,0.805337313261854,63,0,train
-0.8838201844111535,0.9806094793282112,64,0,train
-0.4269476899804966,1.4477295183067467,65,0,test
-0.874463195497206,0.46007800801512616,66,1,train
-0.4401564256304418,1.226921473852963,67,0,train
-1.123647030979779,0.8296423700342854,68,0,train
-0.721779806227993,0.6866934061070281,69,0,test
-0.812614887461363,-0.18286165378566221,70,0,test
0.2490154382809422,1.7461150360930888,71,0,train
-0.7070360308779997,-2.483039989334497,72,0,test
-0.870036408559307,0.3934070766708278,73,0,train
-0.6608381427587602,-0.18793811647232572,74,0,train
-0.755959108922244,0.47037364541175863,75,0,train
-0.6465427923878934,-1.0023988315056835,76,0,train
-0.8449890133733491,-2.782646272820796,77,0,train
-0.7390488601082301,-2.365163267622666,78,0,train
-0.18428483051678513,1.7508604356426414,79,0,test
-0.4598126968580367,0.868505253717564,80,0,train
-0.4810253613144004,1.1972140906272144,81,0,train
-1.2759389783911481,0.474772636766765,82,0,train
-0.33563522983786037,1.0716763176961779,83,0,train
-1.2030202130476615,0.25028081101846966,84,0,train
-0.2659508670084692,0.11765389141588611,85,0,train
-0.6473258082405001,-0.23801493066139107,86,0,train
-1.3993605961064208,0.963638402291292,87,0,train
-0.588776075359056,-1.1978991658888518,88,0,test
-0.5688536522316182,0.4044885688314259,89,0,train
-0.6793860177965838,2.159057088109697,90,0,train
-1.0794848429151735,-2.578184142917041,91,0,train
-1.201409117779277,1.3176416502112167,92,0,train
-1.2723068680030751,0.5855158422589044,93,0,train
-0.42556189386819354,0.9092309679423723,94,0,train
0.22582749390612744,1.0088500721802753,95,0,test
-1.4093923033664757,0.6273487742177991,96,0,train
-0.469902601820427,0.7806463660432761,97,0,train
-0.7686373409979144,0.3703591824686226,98,0,train
-1.8563913985284997,-0.3793396546262944,99,0,test
-0.03444403127106732,1.5014377171927364,100,0,train
-0.5875877273941709,-1.4102785335777845,101,0,train
-0.930162037328382,0.6902411667145483,102,0,train
-0.8099378526070483,-0.6975574172250637,103,0,test
-1.3961499552135712,-0.5783614751530739,104,0,train
-0.16962190437472446,-2.462301573713313,105,0,train
-0.5922678475563193,-0.27278589060555486,106,0,test
-0.11860995557165033,-1.1591118547417092,107,0,test
-1.2333562642982678,-1.2943434024567493,108,0,test
-0.3881666928071878,-1.7529335070525434,109,0,train
0.7229483614415368,1.895887107741089,110,0,train
-0.7671270896826202,-1.6125476717611713,111,0,train
-0.4789487389785403,0.5221037561876649,112,0,train
-0.5152348848271666,0.2717540462879455,113,0,test
-0.905857226951656,0.508596584184688,114,0,test
0.8248733281776337,1.3640071323420284,115,0,train
-0.9580337349773869,1.0853892423262332,116,0,train
-0.9722632999648217,-0.5456295673058319,117,0,train
-1.0990123205302291,0.7779260887284256,118,0,train
-1.1799641157382073,0.4564088719548499,119,0,train
-1.0208386341133353,-1.5958680923240933,120,0,train
-0.42438571302138406,-0.40593997572403256,121,0,train
-0.7878197284586035,0.9325484505066639,122,0,train
-0.24285257221527773,-1.0647469804094853,123,0,train
0.6967955839845135,-0.7188930318268285,124,1,train
-0.3125505828018155,-2.426974684857618,125,0,train
-0.9388881926636408,-1.536886246749197,126,0,train
-0.5814475873000089,-1.6028532615552065,127,0,train
-0.9589410942898711,0.09270978313037426,128,0,train
-1.2837900610521609,0.25362626718935405,129,0,train
-0.14026995732550585,0.9624174419474985,130,0,test
-0.9667849424843443,-2.60546804614821,131,0,train
-0.29119396604539843,0.35853228476460797,132,0,train
-1.3667718791097943,0.7618539138157788,133,0,train
-1.267668114075248,0.2655081020280495,134,0,train
-1.7291662758958248,0.23912688315499853,135,0,train
-1.1105340329916855,1.3114401395439077,136,0,train
-0.37378448472241543,0.2723865052127903,137,0,test
-2.5587307872765916,-1.0479603770272818,138,0,train
-0.49211303592879496,0.8054697963434353,139,0,test
-0.8109942076229568,0.5090390619500619,140,0,train
0.1413080679583747,-1.1888181900944814,141,1,train
-0.5225841166759861,0.21954585204836985,142,0,train
-0.7636140230205676,-1.6791994744498568,143,0,train
-0.18337150036662353,1.4688307264748974,144,0,test
-2.0721265760333694,-0.08073871307358227,145,0,test
-1.520153685091358,0.8376014405768692,146,0,train
-0.638186174700918,-0.9923296951328526,147,0,train
-0.6808568626942266,0.5805846865196191,148,0,test
0.8616071033606374,1.792799408498923,149,0,train
0.03768664648796338,1.2623269383904723,150,0,train
-0.8674681038572674,0.6134792033816308,151,0,train
-0.6000776572392813,0.8275176997524671,152,0,test
-0.8310824484880834,-1.4870737648556744,153,0,train
-2.2962663636021015,-0.22754047617062423,154,0,train
-0.7919888448933893,-0.8662313164088868,155,0,train
-0.9019052711456588,-1.7316940918198027,156,0,train
-0.12147768508121959,-1.5309407952393612,157,1,train
-0.8224285247687712,-0.10274168586040566,158,0,train
-0.5342727838764914,-1.7898254679321124,159,0,train
-0.13881918104238822,1.217601465711585,160,0,train
-0.6567391113740282,0.6721740664143825,161,0,train
-1.0134081888013042,0.3747675411359335,162,0,train
-1.307188183133383,0.11810376022903446,163,0,train
-0.8694365512101088,0.2708334991345106,164,0,train
-1.0913562570805728,0.5853908986816851,165,0,train
-0.6391710440934185,0.6692292675141751,166,0,train
-1.0072812239271915,-0.26147139755316395,167,0,test
-1.0463543116708296,0.773029091467372,168,0,train
0.875894839841593,-0.5756889029863854,169,1,test
-0.1477293597468443,1.1544516896489478,170,0,train
-0.12770478239368088,1.8761496689305772,171,0,train
0.24278461996478895,1.4914583926545997,172,0,test
-1.2146570263289842,-0.8775077395173415,173,0,test
-0.47107919761090405,1.1597818963244444,174,0,test
-0.790615481402494,-0.1801289376777071,175,0,train
-0.12349040317349602,-1.449252355701292,176,0,train
-1.4670788726573603,0.4771300684456116,177,0,train
-0.6805103079716516,-1.4402714125157956,178,0,test
-1.090875439165313,-1.2758735005098287,179,0,train
0.36468682917496187,1.3667257074458212,180,0,train
-1.2266332850341934,0.05116255786963375,181,0,train
-0.5050312616700329,1.2496686128328025,182,0,test
-1.0346056823414693,-0.44871772294562645,183,0,test
1.5749663349127025,2.2785591414040427,184,0,train
0.4371000515387852,-0.9688165945027081,185,1,test
-0.1974229851023811,-0.7376357111941007,186,0,train
-1.1957284034247881,-0.22284538917794705,187,0,train
-0.4812594349477635,-2.2006100696231803,188,0,train
-0.6448676796573825,0.48090881805219965,189,0,train
-0.954307525798433,-1.1113429752964517,190,0,train
-1.0869456349306321,0.4071161939433018,191,0,test
-0.6245420430316209,0.39484514385467256,192,0,train
0.17396186571519057,0.635277326384974,193,1,train
-1.4295251838559109,-1.4605104266004578,194,0,train
-1.7691303146208812,-0.7268469766351482,195,0,train
-0.35112660520273403,1.3304394896704348,196,0,train
-0.7334988539676622,-2.554116063998025,197,0,train
-0.9715595662114831,-2.0479372499978945,198,0,train
-0.4994419596055496,1.1636108798181435,199,0,train
-0.985145375283107,-0.23632593768224186,200,0,train
-1.0136927419253952,0.69059384757271,201,0,test
-0.6377644820464285,-0.8932671337535755,202,0,train
-0.6043666600373241,-1.0802359782229067,203,0,test
-1.3717160510112612,0.44298763290040316,204,0,test
-0.39798355091096743,-1.2440599955719644,205,0,test
-0.7597163445370024,-1.1116052052162249,206,0,train
0.7279555738893124,2.0674673689121397,207,0,train
0.052958472949433344,1.7522360548602482,208,0,train
-0.16222516661751685,-2.264807670022492,209,0,train
-0.3555767822375031,-2.2422260715140427,210,0,train
1.5776119088787846,1.702432419474073,211,0,train
-1.0123544559633542,0.7794167026445237,212,0,train
-0.7075777428809318,-2.0451913107109365,213,0,train
0.29174888222219786,1.407901910798479,214,0,test
-0.458254080665124,1.2300481387459627,215,0,test
-1.0802920973854047,0.514470174312113,216,0,train
-0.23070731365509856,-1.0428394488989876,217,0,train
-0.49075556873059467,-0.5204424303551691,218,0,train
-0.7517183557871275,-1.5187720192300573,219,0,test
-0.7147612934519103,0.2185390755721458,220,0,test
-1.6448342145359591,-0.34115925518734214,221,0,test
-1.7999579023060814,-0.16822088144711334,222,0,train
-1.0333394812054844,-0.9390573592975031,223,0,train
-1.0341435829249006,1.315008271616701,224,0,train
-1.8375404218222318,-0.2814437187756865,225,0,train
-0.3769519897426557,-0.8313634331535813,226,0,test
-0.49720547161083906,0.8552849622255393,227,0,test
-0.4584312401078579,-0.7064679054492937,228,0,test
-0.89494521447169,0.8077533563252062,229,0,test
0.10478792639234447,1.458789885902426,230,0,test
-0.15131147415368318,1.1477110007962703,231,0,test
-0.7466619043915224,0.2866082181449697,232,0,train
-1.0023395658725083,-0.9315929270419433,233,0,train
-0.18486860695446428,-1.6043471394408062,234,0,train
-0.5755758424160131,-0.51027737454468,235,0,test
-0.46307248546414276,-4.499467681970848,236,0,train
-2.131270220796674,-0.07008965873643525,237,0,train
-0.021611921649547616,1.4282470440997344,238,1,train
-0.8507428142926556,0.6458422498949623,239,0,train
-0.6078371449639796,0.6750207914751176,240,0,train
0.7970886098674436,1.5179372989973512,241,1,train
-0.8871318178937988,0.7134915080755813,242,0,test
-0.5064332403878067,-2.495800229326054,243,0,train
-0.272024327034488,0.830185474702928,244,0,train
-1.2700527240528499,-1.632470494935642,245,0,train
0.0026371790469463807,1.004453136577913,246,1,test
-0.7689681141594342,-1.4236561332218076,247,0,test
-0.389415900357282,-1.2391235693727918,248,0,train
-0.5094374874819113,1.1224399390642035,249,0,train
-1.2410518224347147,-2.5270194990428623,250,0,train
0.6449776409306136,0.8535073800654793,251,0,train
-2.0668991614304932,-0.22929906922247856,252,0,train
-0.9185245375413729,-1.156395770759437,253,0,test
-0.6588750367381467,0.9617723509802882,254,0,train
-0.27915673529893126,1.1994184007353428,255,0,train
-2.201482428104244,-1.1159821434123653,256,0,train
-1.35730744372302,0.25447522017025176,257,0,test
-0.41175751033375035,-2.5174736145847465,258,0,test
0.8611949503038594,1.7740065507613774,259,0,train
-0.40610051389379814,-0.7026560470410345,260,0,test
-0.9740330203477254,-0.275512015860918,261,0,train
0.4535784331289099,1.5690512361717075,262,0,train
-0.7933796700986322,-1.8832980829317447,263,0,train
0.942308958751406,1.8625573871606853,264,0,train
1.79098281269536,0.23970993380756278,265,1,train
-1.1355936791658818,-0.04477043210784437,266,0,train
-0.8338930124237475,0.13066172071991944,267,0,train
-0.8149240560769322,0.6810997659408237,268,0,train
-0.8609101348448227,0.8074621378745128,269,0,test
-0.5559229156548662,-3.4818182808815417,270,0,test
0.20850656872046058,1.4412167959956306,271,0,train
-2.0772629580190083,-0.22671850841020003,272,0,test
-0.03222918485805493,1.399710344115143,273,1,train
-0.7045973734174978,-1.5860129480639014,274,0,train
0.5176594800808703,1.8275843493866362,275,0,test
-1.8938010440766007,0.12958443921620588,276,0,train
-1.0932384805294606,0.5687436258651575,277,0,train
-0.639905049991825,0.9351351085468614,278,0,test
0.7910732132528824,2.2125532563142283,279,0,test
-0.1475528211631083,-1.9465483641406398,280,0,train
-3.1162842627427496,-1.0649310406318615,281,0,train
0.18938936391652206,1.4415857571744342,282,1,train
-0.3825022437047813,-0.5769586118301535,283,0,test
0.23227082799088472,1.297010648999509,284,0,train
-0.419627170523248,1.0581181575719714,285,0,train
-0.5661045971817052,0.45293757556050085,286,0,train
-1.639180302580789,0.3706453065708741,287,0,test
0.1654879561962983,1.4561155218453714,288,0,train
-2.1323247243611507,-0.6833993065319799,289,0,test
-0.56794382330229,0.5790487094253567,290,0,test
-0.8653357109272666,-0.4300442619954227,291,0,train
-1.0132451348181684,0.14638306464794937,292,0,train
-0.8505091408547546,0.1623727624994542,293,0,test
-0.3173771987791749,0.34804845876746104,294,0,train
-1.078867634633343,-0.3067244320400333,295,0,train
-0.1848166562633352,1.759162265277149,296,0,test
-0.8492456198017009,1.2800595233173475,297,0,train
-0.09536101621156379,1.0076455453751647,298,0,train
-0.5071819162606496,1.5346134363138155,299,0,test
-1.9077871350061275,0.2833628157371447,300,0,train
-0.7457414042133566,-1.6515810072322161,301,0,train
1.0182490907111772,2.150743796876795,302,0,test
-0.8715955435233602,0.12899743405691444,303,0,train
-1.2163622998216188,1.0282368744636845,304,0,train
-0.839280693924468,0.5645176747011664,305,0,train
-1.0243885576176497,-2.6482760754710606,306,0,train
-2.3126455444240825,-0.6407681537089778,307,0,train
-1.0948645417278737,-2.265916235235532,308,1,train
-0.8174283056807174,-1.3805689420293605,309,0,test
-0.9167774428062276,-1.785035967609415,310,0,train
-0.28370807978202695,0.8503505214940368,311,0,train
-0.6401217537571411,-1.1135146070458903,312,0,train
-1.101840315324493,-1.6632077409413082,313,0,test
-0.5006512187112498,-0.9085042067223947,314,0,train
-1.2400238342004322,0.00026905832567680754,315,0,train
-1.173768826929749,1.1943020776803626,316,0,test
-2.1347913671900205,-0.3666679748909092,317,0,train
-0.7377875656850879,-1.38136901981831,318,0,train
-0.5346716715711839,0.4907641051059175,319,0,train
-0.5641399780982119,-2.0887357025780338,320,0,train
2.6107416138357546,1.0319788778747276,321,1,train
-0.2825447528546494,-3.358998758196872,322,0,test
-0.4135298048456648,-0.12177280049184713,323,0,train
-0.3895785761310067,-0.3795321489381152,324,0,train
-2.2464002895702047,-0.9837593457432847,325,0,test
-0.904133091283748,0.2459005094347847,326,0,train
0.25369191852737516,1.5041325139723227,327,0,train
-0.3135686043983571,-0.9830901218435668,328,0,train
-1.7746302060889665,0.36554834579743184,329,0,train
-1.728114400968718,0.06484754565233652,330,0,test
0.8364552896988517,-0.531066013673466,331,1,test
-0.9177569285340197,-0.6452466417342928,332,0,test
-0.9112905236480306,1.0957937038591603,333,0,train
0.316612038027724,1.1995773902826277,334,0,train
0.04568318982878883,1.7315578692762126,335,0,train
-0.3099960852107994,1.0138408496383906,336,0,test
-0.24999632173373804,-0.053731421715787264,337,0,train
-0.03577396251313858,1.3639771677000578,338,0,test
-2.3705625930135628,-0.6415602848110511,339,0,train
0.6950449641522278,1.7599402242584052,340,0,train
-0.9582937941278266,-0.7354122060509264,341,0,train
0.542048878137612,1.5890136631976421,342,0,train
-0.7996062119232454,0.9006401116213445,343,0,train
-1.5175927727525798,0.07844810636587718,344,0,train
1.0300802748989857,-0.3945442650276276,345,1,test
-0.8856046489441638,-1.4988637982067252,346,0,train
-1.7123050318707722,0.2405597723815872,347,0,train
-0.21800308869717305,0.08354859670549486,348,0,train
-0.8202846883133316,-1.3298842112942266,349,0,train
-0.5953967890946895,-1.3821364932569558,350,0,test
-1.3727424441878644,0.3215961441870011,351,0,test
-0.7652667102533957,-2.039968429281232,352,0,train
-1.6261042751785966,-0.08816629162885359,353,0,train
-1.3993861040363753,0.6952051772988774,354,0,test
-0.5793581752849059,0.9868417685439708,355,0,train
-0.00023445925308696047,-2.0854896721664105,356,0,train
-1.1624021963235478,0.21271967520862534,357,0,train
-1.8847135395526589,0.3825223940175173,358,0,train
-0.8676012268132364,-2.7831780450855916,359,0,train
-1.0354332703344395,0.20095646191182404,360,0,train
-0.5064454472790543,0.8515023221001442,361,0,test
-0.6890560210506622,-0.6623740210570747,362,0,train
0.22012473445736558,2.307943105913826,363,0,test
-0.5351004521331717,-1.7031046255071174,364,1,test
-0.7000824373792894,0.5086653699149615,365,0,train
-0.8506713905555965,0.41519913448285956,366,0,train
1.3182147765429872,0.8619926337070919,367,1,train
-1.1904538606165205,-1.2933396138309528,368,0,train
-0.681232770791123,0.7265115234458415,369,0,test
-1.0521014015967654,-1.1870146593093878,370,0,test
-0.6043762498184572,0.7140682284698006,371,0,test
-0.09560994293487113,0.2617526511025583,372,0,train
-0.4832079050736343,-0.9454986468065185,373,0,train
0.13779171023336612,1.442495013890046,374,0,train
-0.5582448580552789,-2.4989179245169293,375,0,train
0.8724491409881455,1.0557092632467138,376,1,train
-0.5532197304132576,-0.25126254311866525,377,0,test
0.14139679950679607,1.9658151075732366,378,0,test
-0.8556129724626423,-0.9550325169376387,379,0,train
-1.0718323831143883,-0.1411136650704613,380,1,train
0.31770567262506133,1.5753728891035093,381,0,train
-0.9347011798756577,-0.23663626080095512,382,0,train
-1.5682762153314878,0.4125094733213301,383,0,train
-0.775556087984513,-3.2543284757146083,384,0,train
-0.3480789248803754,-1.8731681153162005,385,0,train
0.6452418803157307,1.6626253613626516,386,0,test
-0.6583252043266962,1.380027960295118,387,0,test
0.46812821723407394,1.658962314072449,388,0,train
-0.9821018368252448,-0.10891414016028644,389,0,train
0.09778742352744274,1.4615561562569745,390,0,train
-1.2141971449891178,-1.1488081993214678,391,1,train
-1.2574653614836306,-0.28862158028749507,392,0,train
-0.9173820876977025,0.3852141258650118,393,0,train
-1.6534511334228066,-0.5674420801059967,394,0,train
0.34743851895377076,-2.5007970662043872,395,0,test
-1.1946716365516412,0.37069749187089013,396,0,train
1.223193228207967,0.7635571378730166,397,1,test
-0.3955618983105171,1.0865374839909396,398,0,train
-1.6274526187076874,0.14096243504150452,399,0,train
-1.0426303463748288,-2.6599322867278445,400,0,train
-0.6297165793539745,0.2730984572835038,401,0,train
-0.47020846865387156,-1.7232192855014394,402,0,test
0.4614997597990441,1.0157320212202632,403,1,train
-0.7367685235321347,0.24714500877101575,404,0,train
-0.4772964204026784,0.08585038752959762,405,0,train
-0.2868330763283326,1.611026549185415,406,0,train
-0.48800493563620273,0.6141183719759977,407,0,train
-2.0163600595031324,-0.44456681383316576,408,0,train
-0.9712157322588447,0.2265018316061565,409,0,test
-0.9637043527468449,-1.7329711042906715,410,0,test
-0.4832868629396332,0.9907890882770729,411,0,train
-1.7697834756139816,-0.10755469301715004,412,0,train
-0.737584488481259,-1.04943503550786,413,0,train
-1.7401230360304931,-0.1550272788906567,414,0,train
-0.597750241148011,-1.6924467182236802,415,0,train
-0.9467468449062384,-1.7233924262702602,416,0,test
-1.2281901514332372,0.2734981225517543,417,0,train
-0.33731209424994485,-1.5366964694352503,418,0,test
-1.0113407163807453,0.19751533794558807,419,0,train
-0.9185462134408667,-1.6425831695252375,420,0,test
-0.4239095574390246,1.0770841773344317,421,0,train
0.8134155611090856,1.3220868734727609,422,0,test
-0.3915679932838087,0.7452861921038834,423,0,test
-0.9571097434642252,0.3918827233420788,424,0,train
-1.6613393586555425,0.47822072265479887,425,0,train
-0.7748195150794087,-0.7969176721153388,426,0,train
-1.2324016398302493,1.2029473418510785,427,0,train
-0.6064746814273249,0.9589447927342926,428,0,test
-0.8775994966967526,0.6128679977706187,429,0,train
-0.31719650318649284,-0.1961266540440949,430,0,train
-1.8438649193471128,-0.6494921778895473,431,0,test
-1.3724451240283384,0.7648331905489303,432,0,test
-0.9011376829486643,0.3004546957800701,433,0,train
-0.07153950010227439,-1.4447051859274294,434,0,train
-1.7317101676721063,0.09274174664757728,435,0,train
1.8310682852150852,0.2956409027918797,436,1,test
-0.21767616256578332,1.997464892633667,437,0,train
0.06182734611901175,0.7664061733250841,438,0,test
-1.1832899442998244,1.0686575538729293,439,0,train
-1.1225482010603527,0.42388899065782765,440,0,train
-1.017272963708124,-0.4146935202034177,441,0,test
0.9038065559447228,1.8554318000700134,442,0,train
-0.28111477431667475,-3.4294102446683405,443,0,train
0.040639518992121926,1.4247861424170245,444,0,train
1.6352245412403996,1.1411290004986756,445,1,train
-0.5680897528051484,-0.7347271698251467,446,0,test
-0.4304391846984705,-1.3310589518032037,447,0,train
-0.5352094126264264,-0.20588519537792738,448,0,train
-0.5041061730406251,-1.6275868440072214,449,0,train
0.04150505966512141,2.0322502988996454,450,0,test
0.15080540453016966,1.7719897691390867,451,0,test
-0.8257183839865677,1.9176577240619752,452,0,test
-0.33955668681316514,0.8317146377699731,453,0,train
1.1992736106221082,-0.2580610670340679,454,1,train
-1.6570327598271568,-0.5221665246984075,455,0,train
1.2453741837010455,-0.0793479713130597,456,1,test
1.0277084406513277,1.391010574357404,457,0,train
-0.9282532133223496,-1.4458571588062772,458,0,train
-0.9539326201695872,-0.20807680665504602,459,0,train
-0.7763323096715729,1.126724310414467,460,0,train
-1.5743696585661762,0.9000394131342652,461,0,train
-0.5528847631578984,0.7626307496223292,462,0,test
0.13454588877919704,0.9059675041376574,463,0,train
0.013019100927424088,0.9854936655878446,464,0,train
-0.6079860912289902,-3.3124405890182818,465,0,test
1.8580431242548197,0.2887561004742709,466,1,train
-0.28486037275647486,-2.005021539285342,467,0,train
-0.3754131189438994,0.8857547789863964,468,0,train
0.45909469843807416,1.2016701478769711,469,0,train
-0.6741550452246667,-2.2433516191729117,470,0,train
0.6733544327640739,0.6343347529057228,471,1,test
-0.9369718056968694,1.769051674731959,472,1,train
-0.6817224540348448,-0.5749892423893337,473,0,test
-0.8175398971093919,0.8005157616485696,474,0,train
-0.7604993914321944,0.4202316996578477,475,0,train
-0.1942739253470156,0.7107309488185498,476,0,test
-0.651202251123008,-0.32159836830683214,477,1,test
-1.0905552430000964,0.9346020787452933,478,0,train
-0.9480709134689678,-1.3011531736257365,479,0,train
-0.3036440461557603,0.9172102602733834,480,0,train
-0.4288539505719544,0.7372237020047799,481,0,train
-0.01485531241137461,0.8787104015010028,482,0,test
-0.49267185995718954,1.9361998375169385,483,0,train
-0.8950440650623792,0.7769078628098767,484,0,test
-0.22770717565919585,0.6817365840217933,485,0,train
-0.21514297759554157,0.9162153962892701,486,0,test
-0.886649223793807,0.6976315360432337,487,0,train
-0.1747338554237977,0.8356805212127638,488,0,train
-0.5628865984931075,-0.6159680328179074,489,0,train
-1.3149735443630859,0.5691493237125278,490,0,train
-0.5208479073016992,-0.11235045392110088,491,0,train
-0.2361838547467897,-0.8007170046093028,492,0,train
-1.0531897199442615,0.6212402158701829,493,0,test
0.9158443916209258,2.3136860828117793,494,0,test
-0.18214406663089755,0.8450124267798036,495,0,test
-1.7713381955391183,1.3350200802580858,496,0,train
-0.7635923584511675,-0.9436972169873908,497,0,test
-0.3148649657476879,-0.7193075830333159,498,0,test
-1.1394067715575744,0.12133559398655447,499,0,train
-1.2306153097257204,2.4343046381706444,500,0,test
-1.6502617622806754,-0.00287795796164525,501,0,train
-0.46851823215267346,-1.2196367409082112,502,0,train
-0.8428530514459701,0.13215428852343925,503,0,train
-1.0185526705103505,0.35962645953347777,504,1,train
-0.614406974940263,0.14866503304702472,505,0,train
-1.0318216705537537,1.3306985048924487,506,0,test
-0.6919533701726276,-1.3436002142656243,507,0,train
-0.6842902252706244,0.6052195754777354,508,0,test
-2.1229849926831785,-0.39411982673608126,509,0,train
-0.9192308012789674,-0.4148548709161013,510,0,train
-0.953547364597324,-0.35471828830788393,511,0,train
-1.3716587559019193,-0.648313380183026,512,0,train
0.7416239983002015,1.9124486187153988,513,0,test
-1.1289367314216523,0.32335191791150814,514,0,test
0.11476029947061606,1.3011183525449619,515,0,test
-1.948774133659866,-0.28524434444163116,516,0,test
0.08790088052866596,0.9133752453743804,517,0,train
-1.5724757776574319,0.24120607338145222,518,0,train
-1.2736204829550568,0.3675147884003649,519,0,train
-0.7757807225457403,-1.245540314741322,520,0,train
-0.44319858045235794,1.130784301374356,521,0,train
-0.16773378314446596,1.2255461090701096,522,0,train
0.9240622437642182,-0.4503421449868321,523,1,train
-0.26354614141712496,0.06448825894718913,524,0,train
0.0819112102491536,1.5847138011395048,525,0,test
-1.2464076461724167,0.21487159535723166,526,0,test
-0.7085781958582547,-0.919618072208736,527,0,train
-1.5580909057587373,-0.3177717191306819,528,0,train
-0.10190951378125057,1.1219685193743865,529,0,train
0.0484392099030706,0.9548110343618978,530,0,train
-0.26558888714102274,1.6300602426563955,531,0,train
-0.7347989165566687,-1.6126553801144838,532,0,test
-0.8639532183014648,-0.06196776779291002,533,0,train
0.461417380576008,2.2641859665263224,534,0,train
-0.6113212917755643,-3.2465971127527453,535,0,train
0.6777812080806753,1.4035652729810726,536,0,test
-0.48380941075413625,1.5217125224522825,537,0,test
-0.8559472645448325,-1.494496053920085,538,0,train
0.07495738244013872,-1.7057833071107857,539,0,train
-0.6107318427716925,0.7900233333403464,540,0,test
-0.6298618910829169,1.5388863059334266,541,0,train
-0.6859255113129101,-0.17699752160970805,542,0,test
-1.2686768180154226,1.1074781364657176,543,0,train
0.5486353721198369,1.6657027857565683,544,0,train
-0.6932758426619698,0.2733015896541213,545,0,test
-0.4011450739729183,0.6003872791189053,546,0,train
-1.6171272463116886,-0.42369325944631075,547,0,train
-1.5065833206157342,-0.46661659004190015,548,0,test
-0.8146136997770204,-1.7535951724135914,549,0,train
-0.2513246286220474,-1.5999565496424208,550,1,test
-1.0311773864680074,1.0027948708846466,551,0,train
-1.0393375504430244,-0.10298609509064671,552,0,test
-0.7030009508627293,0.673909324149887,553,0,test
0.33493749686269747,1.175898353986367,554,0,test
-0.8505649323458178,1.219842392407593,555,0,train
-1.7165785817021249,-0.3918730470855982,556,0,train
-0.4719076068385598,-0.2314835388932306,557,0,train
-0.09856597519012189,0.7416547928231032,558,0,test
-1.5374250237706617,-0.11181373953869844,559,0,train
-0.7782807637016111,-0.060363391654579934,560,0,train
-0.28555392895550913,-1.4528551723867125,561,1,train
-0.7239069011563632,-1.5842029723816502,562,0,train
-1.033523852042295,0.18411614150759092,563,0,train
-0.35956344373793303,-1.207069553482992,564,0,test
-0.4799756142873594,-2.4008061614053515,565,0,train
-0.5492595221851821,-2.1397432059204524,566,0,train
1.212898108228662,2.4331074530490944,567,0,test
-0.20106165301633838,0.9090705779484518,568,0,train
-1.6206603979755847,0.6921724679838622,569,0,train
1.0187271551302772,2.0402217987711544,570,0,train
-0.7879175168458377,0.896814885398125,571,0,train
-0.20925588127918265,1.6390981165110268,572,0,train
-0.5291927301122594,-3.26581890827822,573,0,train
-0.5858473460532246,1.1389059525940146,574,0,train
-0.43478032007123074,0.9814595212568666,575,0,test
0.9317600167880964,1.6085666425165486,576,0,train
0.6561134063701561,2.106602699091938,577,0,train
-0.8002267618157011,1.154776797761988,578,1,test
-0.5467644418983885,-3.433175715456292,579,0,train
-0.06531777049200216,0.17807198523803247,580,0,test
-0.7523770172377391,0.56674280815159,581,0,train
-0.3722285638362942,-1.7159484922278108,582,0,train
-0.8488846894396872,1.8544097823853478,583,0,test
0.06506373760942741,1.5588832859219188,584,0,train
-3.194727218331839,-1.047129954784284,585,0,test
-1.2798207399357304,0.5574960618812579,586,0,train
-0.4652792660084738,0.7328360677213424,587,0,train
0.2298326421975989,1.8144771476658086,588,0,train
-1.3924926873432621,0.7061420028216434,589,0,test
-0.860067390296501,0.6551968810555073,590,0,train
-1.5312938465234738,-0.1415130464905774,591,0,test
1.3399425963582856,1.4141264541174627,592,1,train
-0.5286777327429726,-4.410190525711476,593,0,train
0.22246934302595323,1.3011028055396037,594,0,train
-1.9891460570285684,-0.49130211984196936,595,0,test
1.224504390641703,2.078288323283984,596,0,train
-1.045430992177217,-0.47432274883943104,597,0,train
-0.5958222291055985,-1.278412849350206,598,0,test
-0.9592511879792658,-0.8561218449792461,599,0,train
