id,Age,Sex,ChestPain,RestBP,Chol,Fbs,RestECG,MaxHR,ExAng,Oldpeak,Slope,Ca,Thal,target,split,fold
0,63,1,typical,145,233,1,2,150,0,2.3,3,0.0,fixed,0,train,0
1,67,1,asymptomatic,160,286,0,2,108,1,1.5,2,3.0,normal,1,train,2
2,67,1,asymptomatic,120,229,0,2,129,1,2.6,2,2.0,reversable,1,train,3
3,37,1,nonanginal,130,250,0,0,187,0,3.5,3,0.0,normal,0,test,-1
4,41,0,nontypical,130,204,0,2,172,0,1.4,1,0.0,normal,0,train,0
5,56,1,nontypical,120,236,0,0,178,0,0.8,1,0.0,normal,0,test,-1
6,62,0,asymptomatic,140,268,0,2,160,0,3.6,3,2.0,normal,1,test,-1
7,57,0,asymptomatic,120,354,0,0,163,1,0.6,1,0.0,normal,0,train,1
8,63,1,asymptomatic,130,254,0,2,147,0,1.4,2,1.0,reversable,1,train,4
9,53,1,asymptomatic,140,203,1,2,155,1,3.1,3,0.0,reversable,1,train,1
10,57,1,asymptomatic,140,192,0,0,148,0,0.4,2,0.0,fixed,0,train,4
11,56,0,nontypical,140,294,0,2,153,0,1.3,2,0.0,normal,0,train,4
12,56,1,nonanginal,130,256,1,2,142,1,0.6,2,1.0,fixed,1,train,3
13,44,1,nontypical,120,263,0,0,173,0,0.0,1,0.0,reversable,0,train,2
14,52,1,nonanginal,172,199,1,0,162,0,0.5,1,0.0,reversable,0,test,-1
15,57,1,nonanginal,150,168,0,0,174,0,1.6,1,0.0,normal,0,train,2
16,48,1,nontypical,110,229,0,0,168,0,1.0,3,0.0,reversable,1,train,4
17,54,1,asymptomatic,140,239,0,0,160,0,1.2,1,0.0,normal,0,train,1
18,48,0,nonanginal,130,275,0,0,139,0,0.2,1,0.0,normal,0,train,2
19,49,1,nontypical,130,266,0,0,171,0,0.6,1,0.0,normal,0,train,1
20,64,1,typical,110,211,0,2,144,1,1.8,2,0.0,normal,0,test,-1
21,58,0,typical,150,283,1,2,162,0,1.0,1,0.0,normal,0,test,-1
22,58,1,nontypical,120,284,0,2,160,0,1.8,2,0.0,normal,1,train,4
23,58,1,nonanginal,132,224,0,2,173,0,3.2,1,2.0,reversable,1,test,-1
24,60,1,asymptomatic,130,206,0,2,132,1,2.4,2,2.0,reversable,1,train,2
25,50,0,nonanginal,120,219,0,0,158,0,1.6,2,0.0,normal,0,train,3
26,58,0,nonanginal,120,340,0,0,172,0,0.0,1,0.0,normal,0,train,4
27,66,0,typical,150,226,0,0,114,0,2.6,3,0.0,normal,0,test,-1
28,43,1,asymptomatic,150,247,0,0,171,0,1.5,1,0.0,normal,0,train,3
29,40,1,asymptomatic,110,167,0,2,114,1,2.0,2,0.0,reversable,1,train,0
30,69,0,typical,140,239,0,0,151,0,1.8,1,2.0,normal,0,train,2
31,60,1,asymptomatic,117,230,1,0,160,1,1.4,1,2.0,reversable,1,test,-1
32,64,1,nonanginal,140,335,0,0,158,0,0.0,1,0.0,normal,1,train,2
33,59,1,asymptomatic,135,234,0,0,161,0,0.5,2,0.0,reversable,0,test,-1
34,44,1,nonanginal,130,233,0,0,179,1,0.4,1,0.0,normal,0,test,-1
35,42,1,asymptomatic,140,226,0,0,178,0,0.0,1,0.0,normal,0,train,0
36,43,1,asymptomatic,120,177,0,2,120,1,2.5,2,0.0,reversable,1,train,4
37,57,1,asymptomatic,150,276,0,2,112,1,0.6,2,1.0,fixed,1,train,0
38,55,1,asymptomatic,132,353,0,0,132,1,1.2,2,1.0,reversable,1,train,2
39,61,1,nonanginal,150,243,1,0,137,1,1.0,2,0.0,normal,0,train,4
40,65,0,asymptomatic,150,225,0,2,114,0,1.0,2,3.0,reversable,1,train,4
41,40,1,typical,140,199,0,0,178,1,1.4,1,0.0,reversable,0,train,3
42,71,0,nontypical,160,302,0,0,162,0,0.4,1,2.0,normal,0,train,3
43,59,1,nonanginal,150,212,1,0,157,0,1.6,1,0.0,normal,0,train,0
44,61,0,asymptomatic,130,330,0,2,169,0,0.0,1,0.0,normal,1,train,0
45,58,1,nonanginal,112,230,0,2,165,0,2.5,2,1.0,reversable,1,train,3
46,51,1,nonanginal,110,175,0,0,123,0,0.6,1,0.0,normal,0,train,1
47,50,1,asymptomatic,150,243,0,2,128,0,2.6,2,0.0,reversable,1,train,3
48,65,0,nonanginal,140,417,1,2,157,0,0.8,1,1.0,normal,0,train,0
49,53,1,nonanginal,130,197,1,2,152,0,1.2,3,0.0,normal,0,train,1
50,41,0,nontypical,105,198,0,0,168,0,0.0,1,1.0,normal,0,train,1
51,65,1,asymptomatic,120,177,0,0,140,0,0.4,1,0.0,reversable,0,train,2
52,44,1,asymptomatic,112,290,0,2,153,0,0.0,1,1.0,normal,1,train,0
53,44,1,nontypical,130,219,0,2,188,0,0.0,1,0.0,normal,0,train,1
54,60,1,asymptomatic,130,253,0,0,144,1,1.4,1,1.0,reversable,1,train,0
55,54,1,asymptomatic,124,266,0,2,109,1,2.2,2,1.0,reversable,1,train,2
56,50,1,nonanginal,140,233,0,0,163,0,0.6,2,1.0,reversable,1,test,-1
57,41,1,asymptomatic,110,172,0,2,158,0,0.0,1,0.0,reversable,1,train,0
58,54,1,nonanginal,125,273,0,2,152,0,0.5,3,1.0,normal,0,train,2
59,51,1,typical,125,213,0,2,125,1,1.4,1,1.0,normal,0,train,3
60,51,0,asymptomatic,130,305,0,0,142,1,1.2,2,0.0,reversable,1,train,3
61,46,0,nonanginal,142,177,0,2,160,1,1.4,3,0.0,normal,0,train,3
62,58,1,asymptomatic,128,216,0,2,131,1,2.2,2,3.0,reversable,1,test,-1
63,54,0,nonanginal,135,304,1,0,170,0,0.0,1,0.0,normal,0,train,4
64,54,1,asymptomatic,120,188,0,0,113,0,1.4,2,1.0,reversable,1,test,-1
65,60,1,asymptomatic,145,282,0,2,142,1,2.8,2,2.0,reversable,1,train,1
66,60,1,nonanginal,140,185,0,2,155,0,3.0,2,0.0,normal,1,test,-1
67,54,1,nonanginal,150,232,0,2,165,0,1.6,1,0.0,reversable,0,test,-1
68,59,1,asymptomatic,170,326,0,2,140,1,3.4,3,0.0,reversable,1,train,1
69,46,1,nonanginal,150,231,0,0,147,0,3.6,2,0.0,normal,1,test,-1
70,65,0,nonanginal,155,269,0,0,148,0,0.8,1,0.0,normal,0,train,3
71,67,1,asymptomatic,125,254,1,0,163,0,0.2,2,2.0,reversable,1,train,0
72,62,1,asymptomatic,120,267,0,0,99,1,1.8,2,2.0,reversable,1,train,0
73,65,1,asymptomatic,110,248,0,2,158,0,0.6,1,2.0,fixed,1,train,3
74,44,1,asymptomatic,110,197,0,2,177,0,0.0,1,1.0,normal,1,train,2
75,65,0,nonanginal,160,360,0,2,151,0,0.8,1,0.0,normal,0,train,4
76,60,1,asymptomatic,125,258,0,2,141,1,2.8,2,1.0,reversable,1,test,-1
77,51,0,nonanginal,140,308,0,2,142,0,1.5,1,1.0,normal,0,train,2
78,48,1,nontypical,130,245,0,2,180,0,0.2,2,0.0,normal,0,train,2
79,58,1,asymptomatic,150,270,0,2,111,1,0.8,1,0.0,reversable,1,train,3
80,45,1,asymptomatic,104,208,0,2,148,1,3.0,2,0.0,normal,0,train,2
81,53,0,asymptomatic,130,264,0,2,143,0,0.4,2,0.0,normal,0,train,0
82,39,1,nonanginal,140,321,0,2,182,0,0.0,1,0.0,normal,0,train,4
83,68,1,nonanginal,180,274,1,2,150,1,1.6,2,0.0,reversable,1,test,-1
84,52,1,nontypical,120,325,0,0,172,0,0.2,1,0.0,normal,0,train,4
85,44,1,nonanginal,140,235,0,2,180,0,0.0,1,0.0,normal,0,train,4
86,47,1,nonanginal,138,257,0,2,156,0,0.0,1,0.0,normal,0,train,0
87,53,0,nonanginal,128,216,0,2,115,0,0.0,1,0.0,,0,test,-1
88,53,0,asymptomatic,138,234,0,2,160,0,0.0,1,0.0,normal,0,train,4
89,51,0,nonanginal,130,256,0,2,149,0,0.5,1,0.0,normal,0,test,-1
90,66,1,asymptomatic,120,302,0,2,151,0,0.4,2,0.0,normal,0,train,3
91,62,0,asymptomatic,160,164,0,2,145,0,6.2,3,3.0,reversable,1,train,0
92,62,1,nonanginal,130,231,0,0,146,0,1.8,2,3.0,reversable,0,test,-1
93,44,0,nonanginal,108,141,0,0,175,0,0.6,2,0.0,normal,0,train,1
94,63,0,nonanginal,135,252,0,2,172,0,0.0,1,0.0,normal,0,test,-1
95,52,1,asymptomatic,128,255,0,0,161,1,0.0,1,1.0,reversable,1,train,3
96,59,1,asymptomatic,110,239,0,2,142,1,1.2,2,1.0,reversable,1,train,1
97,60,0,asymptomatic,150,258,0,2,157,0,2.6,2,2.0,reversable,1,train,2
98,52,1,nontypical,134,201,0,0,158,0,0.8,1,1.0,normal,0,train,0
99,48,1,asymptomatic,122,222,0,2,186,0,0.0,1,0.0,normal,0,train,3
100,45,1,asymptomatic,115,260,0,2,185,0,0.0,1,0.0,normal,0,test,-1
101,34,1,typical,118,182,0,2,174,0,0.0,1,0.0,normal,0,test,-1
102,57,0,asymptomatic,128,303,0,2,159,0,0.0,1,1.0,normal,0,test,-1
103,71,0,nonanginal,110,265,1,2,130,0,0.0,1,1.0,normal,0,train,2
104,49,1,nonanginal,120,188,0,0,139,0,2.0,2,3.0,reversable,1,test,-1
105,54,1,nontypical,108,309,0,0,156,0,0.0,1,0.0,reversable,0,train,0
106,59,1,asymptomatic,140,177,0,0,162,1,0.0,1,1.0,reversable,1,train,1
107,57,1,nonanginal,128,229,0,2,150,0,0.4,2,1.0,reversable,1,train,2
108,61,1,asymptomatic,120,260,0,0,140,1,3.6,2,1.0,reversable,1,train,0
109,39,1,asymptomatic,118,219,0,0,140,0,1.2,2,0.0,reversable,1,train,1
110,61,0,asymptomatic,145,307,0,2,146,1,1.0,2,0.0,reversable,1,train,3
111,56,1,asymptomatic,125,249,1,2,144,1,1.2,2,1.0,normal,1,train,1
112,52,1,typical,118,186,0,2,190,0,0.0,2,0.0,fixed,0,train,4
113,43,0,asymptomatic,132,341,1,2,136,1,3.0,2,0.0,reversable,1,test,-1
114,62,0,nonanginal,130,263,0,0,97,0,1.2,2,1.0,reversable,1,test,-1
115,41,1,nontypical,135,203,0,0,132,0,0.0,2,0.0,fixed,0,test,-1
116,58,1,nonanginal,140,211,1,2,165,0,0.0,1,0.0,normal,0,train,1
117,35,0,asymptomatic,138,183,0,0,182,0,1.4,1,0.0,normal,0,train,4
118,63,1,asymptomatic,130,330,1,2,132,1,1.8,1,3.0,reversable,1,train,3
119,65,1,asymptomatic,135,254,0,2,127,0,2.8,2,1.0,reversable,1,train,0
120,48,1,asymptomatic,130,256,1,2,150,1,0.0,1,2.0,reversable,1,train,1
121,63,0,asymptomatic,150,407,0,2,154,0,4.0,2,3.0,reversable,1,train,4
122,51,1,nonanginal,100,222,0,0,143,1,1.2,2,0.0,normal,0,train,0
123,55,1,asymptomatic,140,217,0,0,111,1,5.6,3,0.0,reversable,1,train,4
124,65,1,typical,138,282,1,2,174,0,1.4,2,1.0,normal,1,test,-1
125,45,0,nontypical,130,234,0,2,175,0,0.6,2,0.0,normal,0,train,2
126,56,0,asymptomatic,200,288,1,2,133,1,4.0,3,2.0,reversable,1,test,-1
127,54,1,asymptomatic,110,239,0,0,126,1,2.8,2,1.0,reversable,1,train,3
128,44,1,nontypical,120,220,0,0,170,0,0.0,1,0.0,normal,0,train,0
129,62,0,asymptomatic,124,209,0,0,163,0,0.0,1,0.0,normal,0,train,2
130,54,1,nonanginal,120,258,0,2,147,0,0.4,2,0.0,reversable,0,train,1
131,51,1,nonanginal,94,227,0,0,154,1,0.0,1,1.0,reversable,0,test,-1
132,29,1,nontypical,130,204,0,2,202,0,0.0,1,0.0,normal,0,test,-1
133,51,1,asymptomatic,140,261,0,2,186,1,0.0,1,0.0,normal,0,train,1
134,43,0,nonanginal,122,213,0,0,165,0,0.2,2,0.0,normal,0,test,-1
135,55,0,nontypical,135,250,0,2,161,0,1.4,2,0.0,normal,0,train,4
136,70,1,asymptomatic,145,174,0,0,125,1,2.6,3,0.0,reversable,1,train,4
137,62,1,nontypical,120,281,0,2,103,0,1.4,2,1.0,reversable,1,test,-1
138,35,1,asymptomatic,120,198,0,0,130,1,1.6,2,0.0,reversable,1,train,0
139,51,1,nonanginal,125,245,1,2,166,0,2.4,2,0.0,normal,0,train,2
140,59,1,nontypical,140,221,0,0,164,1,0.0,1,0.0,normal,0,train,0
141,59,1,typical,170,288,0,2,159,0,0.2,2,0.0,reversable,1,train,3
142,52,1,nontypical,128,205,1,0,184,0,0.0,1,0.0,normal,0,train,3
143,64,1,nonanginal,125,309,0,0,131,1,1.8,2,0.0,reversable,1,train,4
144,58,1,nonanginal,105,240,0,2,154,1,0.6,2,0.0,reversable,0,train,1
145,47,1,nonanginal,108,243,0,0,152,0,0.0,1,0.0,normal,1,train,1
146,57,1,asymptomatic,165,289,1,2,124,0,1.0,2,3.0,reversable,1,train,4
147,41,1,nonanginal,112,250,0,0,179,0,0.0,1,0.0,normal,0,train,4
148,45,1,nontypical,128,308,0,2,170,0,0.0,1,0.0,normal,0,train,0
149,60,0,nonanginal,102,318,0,0,160,0,0.0,1,1.0,normal,0,train,1
150,52,1,typical,152,298,1,0,178,0,1.2,2,0.0,reversable,0,test,-1
151,42,0,asymptomatic,102,265,0,2,122,0,0.6,2,0.0,normal,0,train,2
152,67,0,nonanginal,115,564,0,2,160,0,1.6,2,0.0,reversable,0,train,0
153,55,1,asymptomatic,160,289,0,2,145,1,0.8,2,1.0,reversable,1,train,1
154,64,1,asymptomatic,120,246,0,2,96,1,2.2,3,1.0,normal,1,train,4
155,70,1,asymptomatic,130,322,0,2,109,0,2.4,2,3.0,normal,1,test,-1
156,51,1,asymptomatic,140,299,0,0,173,1,1.6,1,0.0,reversable,1,train,2
157,58,1,asymptomatic,125,300,0,2,171,0,0.0,1,2.0,reversable,1,test,-1
158,60,1,asymptomatic,140,293,0,2,170,0,1.2,2,2.0,reversable,1,train,0
159,68,1,nonanginal,118,277,0,0,151,0,1.0,1,1.0,reversable,0,train,4
160,46,1,nontypical,101,197,1,0,156,0,0.0,1,0.0,reversable,0,test,-1
161,77,1,asymptomatic,125,304,0,2,162,1,0.0,1,3.0,normal,1,train,2
162,54,0,nonanginal,110,214,0,0,158,0,1.6,2,0.0,normal,0,test,-1
163,58,0,asymptomatic,100,248,0,2,122,0,1.0,2,0.0,normal,0,test,-1
164,48,1,nonanginal,124,255,1,0,175,0,0.0,1,2.0,normal,0,train,2
165,57,1,asymptomatic,132,207,0,0,168,1,0.0,1,0.0,reversable,0,test,-1
166,52,1,nonanginal,138,223,0,0,169,0,0.0,1,,normal,0,test,-1
167,54,0,nontypical,132,288,1,2,159,1,0.0,1,1.0,normal,0,train,0
168,35,1,asymptomatic,126,282,0,2,156,1,0.0,1,0.0,reversable,1,test,-1
169,45,0,nontypical,112,160,0,0,138,0,0.0,2,0.0,normal,0,train,3
170,70,1,nonanginal,160,269,0,0,112,1,2.9,2,1.0,reversable,1,train,0
171,53,1,asymptomatic,142,226,0,2,111,1,0.0,1,0.0,reversable,0,train,3
172,59,0,asymptomatic,174,249,0,0,143,1,0.0,2,0.0,normal,1,test,-1
173,62,0,asymptomatic,140,394,0,2,157,0,1.2,2,0.0,normal,0,train,4
174,64,1,asymptomatic,145,212,0,2,132,0,2.0,2,2.0,fixed,1,train,1
175,57,1,asymptomatic,152,274,0,0,88,1,1.2,2,1.0,reversable,1,test,-1
176,52,1,asymptomatic,108,233,1,0,147,0,0.1,1,3.0,reversable,0,train,4
177,56,1,asymptomatic,132,184,0,2,105,1,2.1,2,1.0,fixed,1,train,2
178,43,1,nonanginal,130,315,0,0,162,0,1.9,1,1.0,normal,0,train,3
179,53,1,nonanginal,130,246,1,2,173,0,0.0,1,3.0,normal,0,test,-1
180,48,1,asymptomatic,124,274,0,2,166,0,0.5,2,0.0,reversable,1,train,1
181,56,0,asymptomatic,134,409,0,2,150,1,1.9,2,2.0,reversable,1,train,1
182,42,1,typical,148,244,0,2,178,0,0.8,1,2.0,normal,0,train,1
183,59,1,typical,178,270,0,2,145,0,4.2,3,0.0,reversable,0,train,4
184,60,0,asymptomatic,158,305,0,2,161,0,0.0,1,0.0,normal,1,train,1
185,63,0,nontypical,140,195,0,0,179,0,0.0,1,2.0,normal,0,test,-1
186,42,1,nonanginal,120,240,1,0,194,0,0.8,3,0.0,reversable,0,test,-1
187,66,1,nontypical,160,246,0,0,120,1,0.0,2,3.0,fixed,1,test,-1
188,54,1,nontypical,192,283,0,2,195,0,0.0,1,1.0,reversable,1,train,1
189,69,1,nonanginal,140,254,0,2,146,0,2.0,2,3.0,reversable,1,train,3
190,50,1,nonanginal,129,196,0,0,163,0,0.0,1,0.0,normal,0,train,2
191,51,1,asymptomatic,140,298,0,0,122,1,4.2,2,3.0,reversable,1,train,4
192,43,1,asymptomatic,132,247,1,2,143,1,0.1,2,,reversable,1,test,-1
193,62,0,asymptomatic,138,294,1,0,106,0,1.9,2,3.0,normal,1,train,1
194,68,0,nonanginal,120,211,0,2,115,0,1.5,2,0.0,normal,0,train,3
195,67,1,asymptomatic,100,299,0,2,125,1,0.9,2,2.0,normal,1,train,4
196,69,1,typical,160,234,1,2,131,0,0.1,2,1.0,normal,0,test,-1
197,45,0,asymptomatic,138,236,0,2,152,1,0.2,2,0.0,normal,0,test,-1
198,50,0,nontypical,120,244,0,0,162,0,1.1,1,0.0,normal,0,train,3
199,59,1,typical,160,273,0,2,125,0,0.0,1,0.0,normal,1,train,1
200,50,0,asymptomatic,110,254,0,2,159,0,0.0,1,0.0,normal,0,train,3
201,64,0,asymptomatic,180,325,0,0,154,1,0.0,1,0.0,normal,0,test,-1
202,57,1,nonanginal,150,126,1,0,173,0,0.2,1,1.0,reversable,0,train,1
203,64,0,nonanginal,140,313,0,0,133,0,0.2,1,0.0,reversable,0,train,0
204,43,1,asymptomatic,110,211,0,0,161,0,0.0,1,0.0,reversable,0,test,-1
205,45,1,asymptomatic,142,309,0,2,147,1,0.0,2,3.0,reversable,1,test,-1
206,58,1,asymptomatic,128,259,0,2,130,1,3.0,2,2.0,reversable,1,train,3
207,50,1,asymptomatic,144,200,0,2,126,1,0.9,2,0.0,reversable,1,train,0
208,55,1,nontypical,130,262,0,0,155,0,0.0,1,0.0,normal,0,train,4
209,62,0,asymptomatic,150,244,0,0,154,1,1.4,2,0.0,normal,1,train,0
210,37,0,nonanginal,120,215,0,0,170,0,0.0,1,0.0,normal,0,train,3
211,38,1,typical,120,231,0,0,182,1,3.8,2,0.0,reversable,1,test,-1
212,41,1,nonanginal,130,214,0,2,168,0,2.0,2,0.0,normal,0,test,-1
213,66,0,asymptomatic,178,228,1,0,165,1,1.0,2,2.0,reversable,1,test,-1
214,52,1,asymptomatic,112,230,0,0,160,0,0.0,1,1.0,normal,1,train,4
215,56,1,typical,120,193,0,2,162,0,1.9,2,0.0,reversable,0,train,4
216,46,0,nontypical,105,204,0,0,172,0,0.0,1,0.0,normal,0,train,1
217,46,0,asymptomatic,138,243,0,2,152,1,0.0,2,0.0,normal,0,train,0
218,64,0,asymptomatic,130,303,0,0,122,0,2.0,2,2.0,normal,0,train,4
219,59,1,asymptomatic,138,271,0,2,182,0,0.0,1,0.0,normal,0,test,-1
220,41,0,nonanginal,112,268,0,2,172,1,0.0,1,0.0,normal,0,train,2
221,54,0,nonanginal,108,267,0,2,167,0,0.0,1,0.0,normal,0,train,3
222,39,0,nonanginal,94,199,0,0,179,0,0.0,1,0.0,normal,0,train,1
223,53,1,asymptomatic,123,282,0,0,95,1,2.0,2,2.0,reversable,1,train,2
224,63,0,asymptomatic,108,269,0,0,169,1,1.8,2,2.0,normal,1,train,4
225,34,0,nontypical,118,210,0,0,192,0,0.7,1,0.0,normal,0,train,4
226,47,1,asymptomatic,112,204,0,0,143,0,0.1,1,0.0,normal,0,train,2
227,67,0,nonanginal,152,277,0,0,172,0,0.0,1,1.0,normal,0,train,2
228,54,1,asymptomatic,110,206,0,2,108,1,0.0,2,1.0,normal,1,train,4
229,66,1,asymptomatic,112,212,0,2,132,1,0.1,1,1.0,normal,1,train,2
230,52,0,nonanginal,136,196,0,2,169,0,0.1,2,0.0,normal,0,train,3
231,55,0,asymptomatic,180,327,0,1,117,1,3.4,2,0.0,normal,1,test,-1
232,49,1,nonanginal,118,149,0,2,126,0,0.8,1,3.0,normal,1,train,4
233,74,0,nontypical,120,269,0,2,121,1,0.2,1,1.0,normal,0,test,-1
234,54,0,nonanginal,160,201,0,0,163,0,0.0,1,1.0,normal,0,test,-1
235,54,1,asymptomatic,122,286,0,2,116,1,3.2,2,2.0,normal,1,test,-1
236,56,1,asymptomatic,130,283,1,2,103,1,1.6,3,0.0,reversable,1,test,-1
237,46,1,asymptomatic,120,249,0,2,144,0,0.8,1,0.0,reversable,1,train,1
238,49,0,nontypical,134,271,0,0,162,0,0.0,2,0.0,normal,0,train,1
239,42,1,nontypical,120,295,0,0,162,0,0.0,1,0.0,normal,0,train,0
240,41,1,nontypical,110,235,0,0,153,0,0.0,1,0.0,normal,0,train,2
241,41,0,nontypical,126,306,0,0,163,0,0.0,1,0.0,normal,0,train,1
242,49,0,asymptomatic,130,269,0,0,163,0,0.0,1,0.0,normal,0,train,1
243,61,1,typical,134,234,0,0,145,0,2.6,2,2.0,normal,1,test,-1
244,60,0,nonanginal,120,178,1,0,96,0,0.0,1,0.0,normal,0,test,-1
245,67,1,asymptomatic,120,237,0,0,71,0,1.0,2,0.0,normal,1,train,1
246,58,1,asymptomatic,100,234,0,0,156,0,0.1,1,1.0,reversable,1,train,2
247,47,1,asymptomatic,110,275,0,2,118,1,1.0,2,1.0,normal,1,train,2
248,52,1,asymptomatic,125,212,0,0,168,0,1.0,1,2.0,reversable,1,train,4
249,62,1,nontypical,128,208,1,2,140,0,0.0,1,0.0,normal,0,train,1
250,57,1,asymptomatic,110,201,0,0,126,1,1.5,2,0.0,fixed,0,train,3
251,58,1,asymptomatic,146,218,0,0,105,0,2.0,2,1.0,reversable,1,train,3
252,64,1,asymptomatic,128,263,0,0,105,1,0.2,2,1.0,reversable,0,train,4
253,51,0,nonanginal,120,295,0,2,157,0,0.6,1,0.0,normal,0,test,-1
254,43,1,asymptomatic,115,303,0,0,181,0,1.2,2,0.0,normal,0,train,3
255,42,0,nonanginal,120,209,0,0,173,0,0.0,2,0.0,normal,0,train,2
256,67,0,asymptomatic,106,223,0,0,142,0,0.3,1,2.0,normal,0,test,-1
257,76,0,nonanginal,140,197,0,1,116,0,1.1,2,0.0,normal,0,train,1
258,70,1,nontypical,156,245,0,2,143,0,0.0,1,0.0,normal,0,train,2
259,57,1,nontypical,124,261,0,0,141,0,0.3,1,0.0,reversable,1,train,4
260,44,0,nonanginal,118,242,0,0,149,0,0.3,2,1.0,normal,0,train,0
261,58,0,nontypical,136,319,1,2,152,0,0.0,1,2.0,normal,1,test,-1
262,60,0,typical,150,240,0,0,171,0,0.9,1,0.0,normal,0,test,-1
263,44,1,nonanginal,120,226,0,0,169,0,0.0,1,0.0,normal,0,test,-1
264,61,1,asymptomatic,138,166,0,2,125,1,3.6,2,1.0,normal,1,test,-1
265,42,1,asymptomatic,136,315,0,0,125,1,1.8,2,0.0,fixed,1,train,3
266,52,1,asymptomatic,128,204,1,0,156,1,1.0,2,0.0,,1,train,0
267,59,1,nonanginal,126,218,1,0,134,0,2.2,2,1.0,fixed,1,train,3
268,40,1,asymptomatic,152,223,0,0,181,0,0.0,1,0.0,reversable,1,test,-1
269,42,1,nonanginal,130,180,0,0,150,0,0.0,1,0.0,normal,0,test,-1
270,61,1,asymptomatic,140,207,0,2,138,1,1.9,1,1.0,reversable,1,test,-1
271,66,1,asymptomatic,160,228,0,2,138,0,2.3,1,0.0,fixed,0,test,-1
272,46,1,asymptomatic,140,311,0,0,120,1,1.8,2,2.0,reversable,1,train,2
273,71,0,asymptomatic,112,149,0,0,125,0,1.6,2,0.0,normal,0,train,0
274,59,1,typical,134,204,0,0,162,0,0.8,1,2.0,normal,1,train,2
275,64,1,typical,170,227,0,2,155,0,0.6,2,0.0,reversable,0,train,0
276,66,0,nonanginal,146,278,0,2,152,0,0.0,2,1.0,normal,0,train,2
277,39,0,nonanginal,138,220,0,0,152,0,0.0,2,0.0,normal,0,test,-1
278,57,1,nontypical,154,232,0,2,164,0,0.0,1,1.0,normal,1,train,0
279,58,0,asymptomatic,130,197,0,0,131,0,0.6,2,0.0,normal,0,train,3
280,57,1,asymptomatic,110,335,0,0,143,1,3.0,2,1.0,reversable,1,train,2
281,47,1,nonanginal,130,253,0,0,179,0,0.0,1,0.0,normal,0,test,-1
282,55,0,asymptomatic,128,205,0,1,130,1,2.0,2,1.0,reversable,1,test,-1
283,35,1,nontypical,122,192,0,0,174,0,0.0,1,0.0,normal,0,train,1
284,61,1,asymptomatic,148,203,0,0,161,0,0.0,1,1.0,reversable,1,test,-1
285,58,1,asymptomatic,114,318,0,1,140,0,4.4,3,3.0,fixed,1,test,-1
286,58,0,asymptomatic,170,225,1,2,146,1,2.8,2,2.0,fixed,1,test,-1
287,58,1,nontypical,125,220,0,0,144,0,0.4,2,,reversable,0,test,-1
288,56,1,nontypical,130,221,0,2,163,0,0.0,1,0.0,reversable,0,train,0
289,56,1,nontypical,120,240,0,0,169,0,0.0,3,0.0,normal,0,train,3
290,67,1,nonanginal,152,212,0,2,150,0,0.8,2,0.0,reversable,1,train,3
291,55,0,nontypical,132,342,0,0,166,0,1.2,1,0.0,normal,0,test,-1
292,44,1,asymptomatic,120,169,0,0,144,1,2.8,3,0.0,fixed,1,test,-1
293,63,1,asymptomatic,140,187,0,2,144,1,4.0,1,2.0,reversable,1,train,0
294,63,0,asymptomatic,124,197,0,0,136,1,0.0,2,0.0,normal,1,train,3
295,41,1,nontypical,120,157,0,0,182,0,0.0,1,0.0,normal,0,train,0
296,59,1,asymptomatic,164,176,1,2,90,0,1.0,2,2.0,fixed,1,test,-1
297,57,0,asymptomatic,140,241,0,0,123,1,0.2,2,0.0,reversable,1,test,-1
298,45,1,typical,110,264,0,0,132,0,1.2,2,0.0,reversable,1,train,0
299,68,1,asymptomatic,144,193,1,0,141,0,3.4,2,2.0,reversable,1,train,2
300,57,1,asymptomatic,130,131,0,0,115,1,1.2,2,1.0,reversable,1,test,-1
301,57,0,nontypical,130,236,0,2,174,0,0.0,2,1.0,normal,1,train,1
302,38,1,nonanginal,138,175,0,0,173,0,0.0,1,,normal,0,test,-1
