id,sepal length (cm),sepal width (cm),petal length (cm),petal width (cm),target,split,fold
0,5.1,3.5,1.4,0.2,0,train,3
1,4.9,3.0,1.4,0.2,0,train,3
2,4.7,3.2,1.3,0.2,0,test,-1
3,4.6,3.1,1.5,0.2,0,train,0
4,5.0,3.6,1.4,0.2,0,train,0
5,5.4,3.9,1.7,0.4,0,train,0
6,4.6,3.4,1.4,0.3,0,train,1
7,5.0,3.4,1.5,0.2,0,test,-1
8,4.4,2.9,1.4,0.2,0,train,1
9,4.9,3.1,1.5,0.1,0,train,2
10,5.4,3.7,1.5,0.2,0,test,-1
11,4.8,3.4,1.6,0.2,0,train,1
12,4.8,3.0,1.4,0.1,0,train,3
13,4.3,3.0,1.1,0.1,0,train,3
14,5.8,4.0,1.2,0.2,0,test,-1
15,5.7,4.4,1.5,0.4,0,train,4
16,5.4,3.9,1.3,0.4,0,train,3
17,5.1,3.5,1.4,0.3,0,train,0
18,5.7,3.8,1.7,0.3,0,test,-1
19,5.1,3.8,1.5,0.3,0,train,2
20,5.4,3.4,1.7,0.2,0,test,-1
21,5.1,3.7,1.5,0.4,0,train,3
22,4.6,3.6,1.0,0.2,0,test,-1
23,5.1,3.3,1.7,0.5,0,test,-1
24,4.8,3.4,1.9,0.2,0,train,4
25,5.0,3.0,1.6,0.2,0,train,3
26,5.0,3.4,1.6,0.4,0,train,1
27,5.2,3.5,1.5,0.2,0,train,4
28,5.2,3.4,1.4,0.2,0,test,-1
29,4.7,3.2,1.6,0.2,0,train,0
30,4.8,3.1,1.6,0.2,0,train,4
31,5.4,3.4,1.5,0.4,0,train,2
32,5.2,4.1,1.5,0.1,0,train,4
33,5.5,4.2,1.4,0.2,0,train,0
34,4.9,3.1,1.5,0.2,0,train,4
35,5.0,3.2,1.2,0.2,0,test,-1
36,5.5,3.5,1.3,0.2,0,train,1
37,4.9,3.6,1.4,0.1,0,train,2
38,4.4,3.0,1.3,0.2,0,test,-1
39,5.1,3.4,1.5,0.2,0,train,2
40,5.0,3.5,1.3,0.3,0,test,-1
41,4.5,2.3,1.3,0.3,0,train,2
42,4.4,3.2,1.3,0.2,0,test,-1
43,5.0,3.5,1.6,0.6,0,test,-1
44,5.1,3.8,1.9,0.4,0,train,1
45,4.8,3.0,1.4,0.3,0,train,4
46,5.1,3.8,1.6,0.2,0,train,0
47,4.6,3.2,1.4,0.2,0,train,1
48,5.3,3.7,1.5,0.2,0,train,2
49,5.0,3.3,1.4,0.2,0,test,-1
50,7.0,3.2,4.7,1.4,1,train,0
51,6.4,3.2,4.5,1.5,1,test,-1
52,6.9,3.1,4.9,1.5,1,train,1
53,5.5,2.3,4.0,1.3,1,test,-1
54,6.5,2.8,4.6,1.5,1,train,3
55,5.7,2.8,4.5,1.3,1,test,-1
56,6.3,3.3,4.7,1.6,1,test,-1
57,4.9,2.4,3.3,1.0,1,test,-1
58,6.6,2.9,4.6,1.3,1,test,-1
59,5.2,2.7,3.9,1.4,1,train,4
60,5.0,2.0,3.5,1.0,1,train,3
61,5.9,3.0,4.2,1.5,1,train,4
62,6.0,2.2,4.0,1.0,1,train,0
63,6.1,2.9,4.7,1.4,1,test,-1
64,5.6,2.9,3.6,1.3,1,train,1
65,6.7,3.1,4.4,1.4,1,train,4
66,5.6,3.0,4.5,1.5,1,test,-1
67,5.8,2.7,4.1,1.0,1,train,2
68,6.2,2.2,4.5,1.5,1,train,1
69,5.6,2.5,3.9,1.1,1,test,-1
70,5.9,3.2,4.8,1.8,1,train,4
71,6.1,2.8,4.0,1.3,1,train,0
72,6.3,2.5,4.9,1.5,1,train,2
73,6.1,2.8,4.7,1.2,1,train,2
74,6.4,2.9,4.3,1.3,1,train,4
75,6.6,3.0,4.4,1.4,1,test,-1
76,6.8,2.8,4.8,1.4,1,train,0
77,6.7,3.0,5.0,1.7,1,test,-1
78,6.0,2.9,4.5,1.5,1,train,3
79,5.7,2.6,3.5,1.0,1,train,2
80,5.5,2.4,3.8,1.1,1,train,2
81,5.5,2.4,3.7,1.0,1,train,3
82,5.8,2.7,3.9,1.2,1,train,2
83,6.0,2.7,5.1,1.6,1,train,0
84,5.4,3.0,4.5,1.5,1,test,-1
85,6.0,3.4,4.5,1.6,1,test,-1
86,6.7,3.1,4.7,1.5,1,train,0
87,6.3,2.3,4.4,1.3,1,train,1
88,5.6,3.0,4.1,1.3,1,train,4
89,5.5,2.5,4.0,1.3,1,train,1
90,5.5,2.6,4.4,1.2,1,train,3
91,6.1,3.0,4.6,1.4,1,train,0
92,5.8,2.6,4.0,1.2,1,train,1
93,5.0,2.3,3.3,1.0,1,test,-1
94,5.6,2.7,4.2,1.3,1,train,4
95,5.7,3.0,4.2,1.2,1,train,2
96,5.7,2.9,4.2,1.3,1,train,1
97,6.2,2.9,4.3,1.3,1,test,-1
98,5.1,2.5,3.0,1.1,1,train,3
99,5.7,2.8,4.1,1.3,1,train,3
100,6.3,3.3,6.0,2.5,2,train,3
101,5.8,2.7,5.1,1.9,2,train,2
102,7.1,3.0,5.9,2.1,2,train,0
103,6.3,2.9,5.6,1.8,2,train,3
104,6.5,3.0,5.8,2.2,2,test,-1
105,7.6,3.0,6.6,2.1,2,train,4
106,4.9,2.5,4.5,1.7,2,test,-1
107,7.3,2.9,6.3,1.8,2,test,-1
108,6.7,2.5,5.8,1.8,2,test,-1
109,7.2,3.6,6.1,2.5,2,train,3
110,6.5,3.2,5.1,2.0,2,train,4
111,6.4,2.7,5.3,1.9,2,test,-1
112,6.8,3.0,5.5,2.1,2,train,1
113,5.7,2.5,5.0,2.0,2,train,2
114,5.8,2.8,5.1,2.4,2,train,1
115,6.4,3.2,5.3,2.3,2,train,3
116,6.5,3.0,5.5,1.8,2,test,-1
117,7.7,3.8,6.7,2.2,2,train,4
118,7.7,2.6,6.9,2.3,2,train,2
119,6.0,2.2,5.0,1.5,2,train,0
120,6.9,3.2,5.7,2.3,2,train,4
121,5.6,2.8,4.9,2.0,2,train,1
122,7.7,2.8,6.7,2.0,2,train,3
123,6.3,2.7,4.9,1.8,2,train,4
124,6.7,3.3,5.7,2.1,2,train,4
125,7.2,3.2,6.0,1.8,2,train,0
126,6.2,2.8,4.8,1.8,2,train,2
127,6.1,3.0,4.9,1.8,2,test,-1
128,6.4,2.8,5.6,2.1,2,train,2
129,7.2,3.0,5.8,1.6,2,train,2
130,7.4,2.8,6.1,1.9,2,train,1
131,7.9,3.8,6.4,2.0,2,train,0
132,6.4,2.8,5.6,2.2,2,test,-1
133,6.3,2.8,5.1,1.5,2,test,-1
134,6.1,2.6,5.6,1.4,2,test,-1
135,7.7,3.0,6.1,2.3,2,train,2
136,6.3,3.4,5.6,2.4,2,train,4
137,6.4,3.1,5.5,1.8,2,train,1
138,6.0,3.0,4.8,1.8,2,test,-1
139,6.9,3.1,5.4,2.1,2,train,3
140,6.7,3.1,5.6,2.4,2,test,-1
141,6.9,3.1,5.1,2.3,2,test,-1
142,5.8,2.7,5.1,1.9,2,train,0
143,6.8,3.2,5.9,2.3,2,train,0
144,6.7,3.3,5.7,2.5,2,train,0
145,6.7,3.0,5.2,2.3,2,train,1
146,6.3,2.5,5.0,1.9,2,train,1
147,6.5,3.0,5.2,2.0,2,test,-1
148,6.2,3.4,5.4,2.3,2,test,-1
149,5.9,3.0,5.1,1.8,2,train,3
