id,x1,x2,target,split,fold
0,0.5832632392516183,-1.2084835865214223,1,train,0
1,1.2315758073465228,-0.3671855972130839,1,train,1
2,2.2563020952125346,0.3637008898381069,1,train,4
3,-0.4317096298633506,-0.4928675627895118,0,train,1
4,-1.5194369125325238,-1.0804243807048146,0,train,2
5,3.2770960341418967,-1.1069527936797514,1,train,0
6,-1.3746979615133406,0.7571815663569017,0,train,2
7,-1.276979375008687,-1.1406644873297571,0,train,3
8,0.13145010102126978,1.0726076394254314,2,train,3
9,-0.42746835856531196,-0.7793973619844098,0,train,4
10,-0.649387205551822,-0.7334197469359758,0,train,1
11,0.30615943833342296,-0.031012735893290344,1,train,0
12,0.47834287198931796,1.5823071869154315,2,train,2
13,2.2150230464183522,-1.7970026151805933,1,train,3
14,-0.1896852417503288,1.777195971597123,2,test,-1
15,0.4653977511267915,-1.528471865275582,1,train,1
16,-1.6885848976141236,-0.3929029542017575,0,test,-1
17,-1.1424143271511893,-1.8054781621249154,0,test,-1
18,0.4293970062867857,-1.7982743982299936,1,train,2
19,-2.393141731756833,-1.8622612631904027,0,train,0
20,-0.8835052763279134,-0.35723376767806986,0,train,1
21,-0.4640792633406085,0.9347749689673079,2,test,-1
22,-1.8245382210724186,1.1666826067427958,0,test,-1
23,-1.7026706596319483,1.780380122519902,2,train,0
24,1.5930780017612531,-1.1169163815183987,1,train,2
25,-0.3146204309686082,0.3164932810684682,2,train,0
26,0.9512871784568557,-0.571351664395749,1,test,-1
27,1.3103574527222268,-0.7520282505382403,1,train,3
28,-0.587628523294435,-1.4898597207099393,0,train,4
29,0.4045625783349841,-0.07226487384836777,1,test,-1
30,-0.574250359124343,1.5247000426061443,2,test,-1
31,-2.046338264260077,0.674323756946082,0,train,3
32,-1.2671601627585096,-0.7931693194568207,0,train,3
33,0.9898471454328678,2.2502235803099295,2,test,-1
34,2.4887334647986736,-1.350651004259255,1,train,2
35,-0.05959928867490927,-0.6047361911567883,1,train,1
36,-2.742047714270411,-1.1208300071076387,0,test,-1
37,1.8667792792875755,-1.6401336378176674,1,test,-1
38,-0.7398830742645869,1.987467486157807,2,train,4
39,-0.08157218231088578,0.5924636802796673,2,train,3
40,1.2565901168361033,0.6096384375695895,2,train,1
41,0.996871783782145,-0.46845504525037973,1,test,-1
42,0.11553741239203247,1.320803913353489,2,test,-1
43,1.0413781735010872,-1.5184952851460032,1,train,0
44,0.5419318063545299,-1.3562150740011127,1,train,4
45,-1.9691946347934244,0.08636769226059648,0,train,0
46,-0.9238299840276155,0.5436675815862119,2,train,2
47,-1.0333755949120127,0.6633081504846581,2,test,-1
48,0.6998809918626164,1.5974988497171037,2,test,-1
49,0.2044295144656566,-0.31720290163161513,2,train,1
50,-1.4650376507597258,-0.652386151507438,0,train,1
51,0.852228849910511,-0.17829020733917922,1,test,-1
52,-0.9925592095315137,-1.1429268216356392,0,train,4
53,-0.7280267179601251,1.8779114965821837,2,test,-1
54,-1.1961379962523166,-1.1655713311112241,0,test,-1
55,-0.9737830025436285,-0.6097499848484482,0,test,-1
56,0.928319125316457,-1.0921444245822933,1,test,-1
57,0.424299551219345,0.8810965465515488,2,test,-1
58,-1.1602656335297619,-0.9498332216597773,0,test,-1
59,-1.1488812144005545,-0.13605223192651594,0,train,0
60,-0.7361047528910143,1.4782891519534977,2,train,2
61,0.3873405968239648,-0.023310323588635162,2,train,0
62,-0.47620891429066387,1.8477819055450913,2,train,1
63,0.024476376079779483,1.1399718204313223,2,train,0
64,-0.43179342289830114,1.5283680996528752,2,train,0
65,-0.49629481671501396,1.4619820862079782,2,train,1
66,-1.1679378489599999,1.566961252434703,2,train,3
67,0.43387568754586425,1.3301617134553816,2,train,4
68,-2.0503341528908474,-2.138666761607935,0,train,0
69,1.2457580181641092,-0.25942603310276713,1,train,2
70,1.9133240038385253,-0.4675312534449546,1,train,3
71,-1.9481824943260397,-1.1640065869443637,0,train,1
72,1.1369782364486352,-1.0673428810925945,1,train,4
73,-3.345820739003587,-0.3521616693679243,0,train,2
74,-0.6418649399648376,-1.2940149453588146,0,train,4
75,1.170437229471813,-0.5324478194477121,1,train,1
76,-1.296667399214023,-0.7781479856015243,0,test,-1
77,0.4329504377260212,2.2151665144529877,2,train,2
78,2.18780439413254,0.10082916799439368,1,train,3
79,-1.6717226900312316,-0.7688105049660177,0,train,3
80,2.278835593360261,-1.081768456566282,1,test,-1
81,-1.19542104994367,1.3414561735129344,2,train,3
82,1.661439243057234,-0.5552323504458796,1,train,4
83,1.000093291457706,-0.8308854756017245,1,test,-1
84,0.41233412094850685,-1.4763888488450547,1,test,-1
85,0.03324697111965049,0.6916163404345759,2,train,4
86,-0.8104571579330199,-1.6975688711352286,0,train,2
87,0.07979505869172836,2.3980398609571774,2,train,4
88,1.4770541764215603,-1.329964724123957,1,train,2
89,-1.6434628085293355,-0.7254859636386851,0,test,-1
